,pos,artist_name,track_uri,artist_uri,track_name,album_uri,duration_ms_x,album_name,name,danceability,energy,key,loudness,mode,speechiness,acousticness,instrumentalness,liveness,valence,tempo,type,id,uri,track_href,analysis_url,duration_ms_y,time_signature,artist_pop,genres,track_pop
413,59,The Killers,7oK9VyNzrYvRFo7nQEYkWN,spotify:artist:0C0XlULifJtAgn6ZNCW2eu,Mr. Brightside,spotify:album:4undIeGmofnAYKhnDclN1w,222586,Hot Fuss,Mom's playlist,0.356,0.924,1,-3.74,1,0.0808,0.00101,0.0,0.0953,0.232,148.017,audio_features,7oK9VyNzrYvRFo7nQEYkWN,spotify:track:7oK9VyNzrYvRFo7nQEYkWN,https://api.spotify.com/v1/tracks/7oK9VyNzrYvRFo7nQEYkWN,https://api.spotify.com/v1/audio-analysis/7oK9VyNzrYvRFo7nQEYkWN,222587,4,80,alternative_rock dance_rock modern_rock permanent_wave rock,78
1234,18,Rihanna,6qn9YLKt13AGvpq9jfO8py,spotify:artist:5pKCCKE2ajJHZ9KAiaK11H,We Found Love,spotify:album:2g1EakEaW7fPTZC6vBmBCn,215226,Talk That Talk,Mom's playlist,0.734,0.766,1,-4.485,1,0.0383,0.025,0.00138,0.108,0.6,127.986,audio_features,6qn9YLKt13AGvpq9jfO8py,spotify:track:6qn9YLKt13AGvpq9jfO8py,https://api.spotify.com/v1/tracks/6qn9YLKt13AGvpq9jfO8py,https://api.spotify.com/v1/audio-analysis/6qn9YLKt13AGvpq9jfO8py,215227,4,90,barbadian_pop dance_pop pop pop_rap urban_contemporary,77
1363,32,American Authors,5j9iuo3tMmQIfnEEQOOjxh,spotify:artist:0MlOPi3zIDMVrfA9R04Fe3,Best Day Of My Life,spotify:album:2AAVQqcejMEgNpdg2raPYE,194240,"Oh, What A Life",Mom's playlist,0.67,0.905,2,-2.385,1,0.0339,0.0625,0.000151,0.0577,0.516,100.021,audio_features,5j9iuo3tMmQIfnEEQOOjxh,spotify:track:5j9iuo3tMmQIfnEEQOOjxh,https://api.spotify.com/v1/tracks/5j9iuo3tMmQIfnEEQOOjxh,https://api.spotify.com/v1/audio-analysis/5j9iuo3tMmQIfnEEQOOjxh,194240,4,70,indie_poptimism modern_alternative_rock modern_rock pop pop_rock rock,0
1579,38,Clean Bandit,5HuqzFfq2ulY1iBAW5CxLe,spotify:artist:6MDME20pz9RveH9rEXvrOM,Rather Be (feat. Jess Glynne),spotify:album:2xVeccmEU0zklK4XSKiDCW,227833,I Cry When I Laugh,Mom's playlist,0.799,0.586,11,-6.735,1,0.0377,0.162,2.03e-06,0.193,0.549,120.97,audio_features,5HuqzFfq2ulY1iBAW5CxLe,spotify:track:5HuqzFfq2ulY1iBAW5CxLe,https://api.spotify.com/v1/tracks/5HuqzFfq2ulY1iBAW5CxLe,https://api.spotify.com/v1/audio-analysis/5HuqzFfq2ulY1iBAW5CxLe,227833,4,80,dance_pop edm pop pop_dance tropical_house uk_dance uk_funky,53
1732,17,Sia,4VrWlk8IQxevMvERoX08iC,spotify:artist:5WUlDfRSoLAfcVSX1WnrxN,Chandelier,spotify:album:3xFSl9lIRaYXIYkIn3OIl9,216120,1000 Forms Of Fear,Mom's playlist,0.399,0.787,1,-2.88,1,0.0499,0.0197,6.07e-05,0.0685,0.572,117.089,audio_features,4VrWlk8IQxevMvERoX08iC,spotify:track:4VrWlk8IQxevMvERoX08iC,https://api.spotify.com/v1/tracks/4VrWlk8IQxevMvERoX08iC,https://api.spotify.com/v1/audio-analysis/4VrWlk8IQxevMvERoX08iC,216120,5,89,australian_dance australian_pop pop,81
3986,0,Hozier,0j6YwWZVHsIFKr5FDEu68o,spotify:artist:2FXC3k01G6Gw61bmprjgqS,Jackie And Wilson,spotify:album:36k5aXpxffjVGcNce12GLZ,223120,Hozier,Mom's playlist,0.566,0.712,6,-4.201,1,0.0334,0.0687,1.3e-05,0.124,0.753,82.193,audio_features,0j6YwWZVHsIFKr5FDEu68o,spotify:track:0j6YwWZVHsIFKr5FDEu68o,https://api.spotify.com/v1/tracks/0j6YwWZVHsIFKr5FDEu68o,https://api.spotify.com/v1/audio-analysis/0j6YwWZVHsIFKr5FDEu68o,223120,4,81,irish_singer-songwriter pop,0
3999,1,Aloe Blacc,7nqhFb3g7ZtzOEV2QwvyBI,spotify:artist:0id62QV2SZZfvBn9xpmuCl,I Need a Dollar,spotify:album:3Dg7omQtRAsvZXImWK9yoc,243533,Good Things,Mom's playlist,0.842,0.484,1,-7.111,0,0.0341,0.181,0.0,0.0868,0.951,95.51,audio_features,7nqhFb3g7ZtzOEV2QwvyBI,spotify:track:7nqhFb3g7ZtzOEV2QwvyBI,https://api.spotify.com/v1/tracks/7nqhFb3g7ZtzOEV2QwvyBI,https://api.spotify.com/v1/audio-analysis/7nqhFb3g7ZtzOEV2QwvyBI,243533,4,71,pop_soul r&b,47
4002,2,Aloe Blacc,3Jc0ABqhf9yMLn8bbAdmKX,spotify:artist:0id62QV2SZZfvBn9xpmuCl,Wake Me Up - Acoustic,spotify:album:1ImxhQBpfEQeM7bNh61Aqg,225333,Lift Your Spirit,Mom's playlist,0.569,0.593,2,-7.176,1,0.0326,0.358,0.0,0.134,0.344,115.05,audio_features,3Jc0ABqhf9yMLn8bbAdmKX,spotify:track:3Jc0ABqhf9yMLn8bbAdmKX,https://api.spotify.com/v1/tracks/3Jc0ABqhf9yMLn8bbAdmKX,https://api.spotify.com/v1/audio-analysis/3Jc0ABqhf9yMLn8bbAdmKX,225333,4,71,pop_soul r&b,0
4007,3,John Legend,3uhBIQ7tv8j1FME8cFGEfG,spotify:artist:5y2Xq6xcjJb2jVM54GHK3t,All of Me,spotify:album:1rPBcCACCx9lxTib5s2Mqc,269560,Love In The Future,Mom's playlist,0.422,0.264,8,-7.064,1,0.0322,0.922,0.0,0.132,0.331,119.93,audio_features,3uhBIQ7tv8j1FME8cFGEfG,spotify:track:3uhBIQ7tv8j1FME8cFGEfG,https://api.spotify.com/v1/tracks/3uhBIQ7tv8j1FME8cFGEfG,https://api.spotify.com/v1/audio-analysis/3uhBIQ7tv8j1FME8cFGEfG,269560,4,83,neo_soul pop pop_soul r&b urban_contemporary,0
4027,4,Pharrell Williams,5b88tNINg4Q4nrRbrCXUmg,spotify:artist:2RdwBSPQiwcmiDo9kixcl8,"Happy - From ""Despicable Me 2""",spotify:album:2lkQd5T32QHDOfFkEIPJKz,232720,G I R L,Mom's playlist,0.647,0.822,5,-4.662,0,0.183,0.219,0.0,0.0908,0.962,160.019,audio_features,5b88tNINg4Q4nrRbrCXUmg,spotify:track:5b88tNINg4Q4nrRbrCXUmg,https://api.spotify.com/v1/tracks/5b88tNINg4Q4nrRbrCXUmg,https://api.spotify.com/v1/audio-analysis/5b88tNINg4Q4nrRbrCXUmg,232720,4,81,pop_rap,3
4043,5,Justin Timberlake,4rHZZAmHpZrA3iH5zx8frV,spotify:artist:31TPClRtHm23RisEBtV3X7,Mirrors,spotify:album:0O82niJ0NpcptYRxogeEZu,484146,The 20/20 Experience (Deluxe Version),Mom's playlist,0.574,0.512,5,-6.664,0,0.0503,0.234,0.0,0.0946,0.512,76.899,audio_features,4rHZZAmHpZrA3iH5zx8frV,spotify:track:4rHZZAmHpZrA3iH5zx8frV,https://api.spotify.com/v1/tracks/4rHZZAmHpZrA3iH5zx8frV,https://api.spotify.com/v1/audio-analysis/4rHZZAmHpZrA3iH5zx8frV,484147,4,82,dance_pop pop,81
4055,6,Bruno Mars,5g7sDjBhZ4I3gcFIpkrLuI,spotify:artist:0du5cEVh5yTK9QJze8zA0C,Locked Out Of Heaven,spotify:album:4xWulj18AGahlyuZPulaGe,233653,Unorthodox Jukebox,Mom's playlist,0.728,0.697,5,-4.125,1,0.0456,0.0556,0.0,0.282,0.87,143.986,audio_features,5g7sDjBhZ4I3gcFIpkrLuI,spotify:track:5g7sDjBhZ4I3gcFIpkrLuI,https://api.spotify.com/v1/tracks/5g7sDjBhZ4I3gcFIpkrLuI,https://api.spotify.com/v1/audio-analysis/5g7sDjBhZ4I3gcFIpkrLuI,233653,4,92,dance_pop pop,55
4067,7,Mark Ronson,32OlwWuMpZ6b0aN2RZOeMS,spotify:artist:3hv9jJF3adDNsBSIQDqcjp,Uptown Funk,spotify:album:3vLaOYCNCzngDf8QdBg2V1,269666,Uptown Special,Mom's playlist,0.856,0.609,0,-7.223,1,0.0824,0.00801,8.15e-05,0.0344,0.928,114.988,audio_features,32OlwWuMpZ6b0aN2RZOeMS,spotify:track:32OlwWuMpZ6b0aN2RZOeMS,https://api.spotify.com/v1/tracks/32OlwWuMpZ6b0aN2RZOeMS,https://api.spotify.com/v1/audio-analysis/32OlwWuMpZ6b0aN2RZOeMS,269667,4,78,dance_pop pop,84
4093,8,WALK THE MOON,4kbj5MwxO1bq9wjT5g9HaA,spotify:artist:6DIS6PRrLS3wbnZsf7vYic,Shut Up and Dance,spotify:album:3mNoFlD1wsoXfkljfFzExT,199080,TALKING IS HARD,Mom's playlist,0.578,0.866,1,-3.804,1,0.0619,0.00701,0.0,0.257,0.619,128.038,audio_features,4kbj5MwxO1bq9wjT5g9HaA,spotify:track:4kbj5MwxO1bq9wjT5g9HaA,https://api.spotify.com/v1/tracks/4kbj5MwxO1bq9wjT5g9HaA,https://api.spotify.com/v1/audio-analysis/4kbj5MwxO1bq9wjT5g9HaA,199080,4,72,dance_pop dance_rock indie_poptimism modern_alternative_rock modern_rock pop_rock rock,84
4120,9,Matisyahu,0bjBsRPf86v7qyuQbq5SCG,spotify:artist:5eyMzR1hYiEZtN2c9ly2kw,Live Like A Warrior,spotify:album:6OrXOgD4bayqWF97UbxJVQ,234133,Spark Seeker,Mom's playlist,0.411,0.811,10,-4.948,1,0.145,0.0753,3.8e-06,0.388,0.356,88.747,audio_features,0bjBsRPf86v7qyuQbq5SCG,spotify:track:0bjBsRPf86v7qyuQbq5SCG,https://api.spotify.com/v1/tracks/0bjBsRPf86v7qyuQbq5SCG,https://api.spotify.com/v1/audio-analysis/0bjBsRPf86v7qyuQbq5SCG,234133,4,61,reggae_fusion,38
4123,10,Jess Glynne,58jx3tTuDuzHysC77c0AQd,spotify:artist:4ScCswdRlyA23odg9thgIO,Hold My Hand,spotify:album:7BEPVoBcHuTLWpcdj8FhM8,227343,I Cry When I Laugh,Mom's playlist,0.642,0.823,0,-5.717,1,0.0289,0.00159,0.0,0.0776,0.431,122.977,audio_features,58jx3tTuDuzHysC77c0AQd,spotify:track:58jx3tTuDuzHysC77c0AQd,https://api.spotify.com/v1/tracks/58jx3tTuDuzHysC77c0AQd,https://api.spotify.com/v1/audio-analysis/58jx3tTuDuzHysC77c0AQd,227344,4,76,australian_pop dance_pop pop pop_dance post-teen_pop tropical_house uk_pop,58
4132,11,Clean Bandit,3utsJdhRUrJA8avrOawi8D,spotify:artist:6MDME20pz9RveH9rEXvrOM,Stronger,spotify:album:0dNt3MfPrvj6mHmajSuahw,222025,New Eyes,Mom's playlist,0.803,0.64,6,-6.666,1,0.0438,0.0343,1.72e-06,0.0833,0.803,123.989,audio_features,3utsJdhRUrJA8avrOawi8D,spotify:track:3utsJdhRUrJA8avrOawi8D,https://api.spotify.com/v1/tracks/3utsJdhRUrJA8avrOawi8D,https://api.spotify.com/v1/audio-analysis/3utsJdhRUrJA8avrOawi8D,222026,4,80,dance_pop edm pop pop_dance tropical_house uk_dance uk_funky,46
4134,12,You Me At Six,39IX2P1yPA5opcTaHXLPlW,spotify:artist:1kNQXvepPjaPgUfeDAF2h6,Stay With Me - Acoustic Version,spotify:album:0fsWxXjjgHAnFLCEAGWHS5,198573,Stay With Me,Mom's playlist,0.62,0.701,2,-8.241,0,0.0296,0.172,7.4e-05,0.242,0.447,134.966,audio_features,39IX2P1yPA5opcTaHXLPlW,spotify:track:39IX2P1yPA5opcTaHXLPlW,https://api.spotify.com/v1/tracks/39IX2P1yPA5opcTaHXLPlW,https://api.spotify.com/v1/audio-analysis/39IX2P1yPA5opcTaHXLPlW,198573,4,63,modern_alternative_rock modern_rock neon_pop_punk pop_emo pop_punk rock,55
4135,13,Meghan Trainor,6gj08XDlv9Duc2fPOxUmVD,spotify:artist:6JL8zeS1NmiOftqZTRgdTz,Lips Are Movin,spotify:album:5W98Ab4VvQEuFEE4TIe5fE,182666,Title,Mom's playlist,0.775,0.825,7,-5.402,1,0.0464,0.0506,1.03e-06,0.111,0.95,139.091,audio_features,6gj08XDlv9Duc2fPOxUmVD,spotify:track:6gj08XDlv9Duc2fPOxUmVD,https://api.spotify.com/v1/tracks/6gj08XDlv9Duc2fPOxUmVD,https://api.spotify.com/v1/audio-analysis/6gj08XDlv9Duc2fPOxUmVD,182667,4,82,dance_pop hip_pop pop post-teen_pop,73
4144,14,Nico & Vinz,1fidCEsYlaVE3pHwKCvpFZ,spotify:artist:0awl5piYwO0CDTHEkCjUhn,Am I Wrong,spotify:album:6zXb9FQMzawvY2Au8Kxky3,247520,Black Star Elephant,Mom's playlist,0.729,0.675,8,-6.003,1,0.0312,0.175,1.58e-06,0.55,0.779,119.968,audio_features,1fidCEsYlaVE3pHwKCvpFZ,spotify:track:1fidCEsYlaVE3pHwKCvpFZ,https://api.spotify.com/v1/tracks/1fidCEsYlaVE3pHwKCvpFZ,https://api.spotify.com/v1/audio-analysis/1fidCEsYlaVE3pHwKCvpFZ,245867,4,66,dance_pop pop_rap,79
4157,15,Meghan Trainor,5jE48hhRu8E6zBDPRSkEq7,spotify:artist:6JL8zeS1NmiOftqZTRgdTz,All About That Bass,spotify:album:5W98Ab4VvQEuFEE4TIe5fE,187920,Title,Mom's playlist,0.807,0.887,9,-3.726,1,0.0503,0.0573,2.87e-06,0.124,0.961,134.052,audio_features,5jE48hhRu8E6zBDPRSkEq7,spotify:track:5jE48hhRu8E6zBDPRSkEq7,https://api.spotify.com/v1/tracks/5jE48hhRu8E6zBDPRSkEq7,https://api.spotify.com/v1/audio-analysis/5jE48hhRu8E6zBDPRSkEq7,187920,4,82,dance_pop hip_pop pop post-teen_pop,76
4167,16,Matisyahu,468jbp2UybC99Ic7MrTDji,spotify:artist:5eyMzR1hYiEZtN2c9ly2kw,One Day - New Album Version,spotify:album:78k6UD5vRQEJ0Z1E96xFm2,206973,Playlist: The Very Best Of Matisyahu,Mom's playlist,0.576,0.563,0,-7.333,1,0.067,0.196,0.0,0.114,0.246,144.892,audio_features,468jbp2UybC99Ic7MrTDji,spotify:track:468jbp2UybC99Ic7MrTDji,https://api.spotify.com/v1/tracks/468jbp2UybC99Ic7MrTDji,https://api.spotify.com/v1/audio-analysis/468jbp2UybC99Ic7MrTDji,206973,4,61,reggae_fusion,34
4173,19,Avicii,6g1NlCpW7fgqDnWbCCDrHl,spotify:artist:1vCWHaC5f2uS3yhpwWbIA6,Wake Me Up - Radio Edit,spotify:album:02h9kO2oLKnLtycgbElKsw,247426,True,Mom's playlist,0.532,0.783,2,-5.697,1,0.0523,0.0038,0.0012,0.161,0.643,124.08,audio_features,6g1NlCpW7fgqDnWbCCDrHl,spotify:track:6g1NlCpW7fgqDnWbCCDrHl,https://api.spotify.com/v1/tracks/6g1NlCpW7fgqDnWbCCDrHl,https://api.spotify.com/v1/audio-analysis/6g1NlCpW7fgqDnWbCCDrHl,247427,4,84,dance_pop edm pop pop_dance,1
4193,20,Itch,1SD2UjPRag3gdqsB3adJA2,spotify:artist:0TAITmVrG10TK5kngOwpPr,Laugh (feat. Matisyahu),spotify:album:4jiyKFCcLZFpdo0DrHPM35,203512,The Deep End,Mom's playlist,0.696,0.874,1,-3.109,1,0.16,0.131,0.0,0.235,0.782,90.046,audio_features,1SD2UjPRag3gdqsB3adJA2,spotify:track:1SD2UjPRag3gdqsB3adJA2,https://api.spotify.com/v1/tracks/1SD2UjPRag3gdqsB3adJA2,https://api.spotify.com/v1/audio-analysis/1SD2UjPRag3gdqsB3adJA2,203512,4,31,unknown,0
4194,21,George Ezra,7GJClzimvMSghjcrKxuf1M,spotify:artist:2ysnwxxNtSgbb9t1m2Ur4j,Budapest,spotify:album:5tF2lAa2rh2kU2xIiBzWia,200720,Wanted On Voyage,Mom's playlist,0.714,0.451,5,-8.268,1,0.0276,0.0883,0.0,0.108,0.406,127.787,audio_features,7GJClzimvMSghjcrKxuf1M,spotify:track:7GJClzimvMSghjcrKxuf1M,https://api.spotify.com/v1/tracks/7GJClzimvMSghjcrKxuf1M,https://api.spotify.com/v1/audio-analysis/7GJClzimvMSghjcrKxuf1M,200720,4,74,folk-pop modern_rock neo-singer-songwriter pop pop_rock,8
4212,22,Imagine Dragons,15DrrIod12Tc2IoMaHiwlQ,spotify:artist:53XhwfbYqKCa1cC15pYq2q,I Bet My Life,spotify:album:0gmsXcmrcnxdZBrD5EyJEL,192706,Smoke + Mirrors,Mom's playlist,0.553,0.657,1,-8.219,1,0.0405,0.335,0.000648,0.228,0.555,107.889,audio_features,15DrrIod12Tc2IoMaHiwlQ,spotify:track:15DrrIod12Tc2IoMaHiwlQ,https://api.spotify.com/v1/tracks/15DrrIod12Tc2IoMaHiwlQ,https://api.spotify.com/v1/audio-analysis/15DrrIod12Tc2IoMaHiwlQ,192707,4,91,modern_rock rock,63
4220,23,Imagine Dragons,6nYD1UPZzBfnA9aL5TrWTc,spotify:artist:53XhwfbYqKCa1cC15pYq2q,Amsterdam,spotify:album:1vAEF8F0HoRFGiYOEeJXHW,241426,Night Visions,Mom's playlist,0.502,0.775,4,-4.97,1,0.0371,0.0072,8.58e-06,0.134,0.203,114.996,audio_features,6nYD1UPZzBfnA9aL5TrWTc,spotify:track:6nYD1UPZzBfnA9aL5TrWTc,https://api.spotify.com/v1/tracks/6nYD1UPZzBfnA9aL5TrWTc,https://api.spotify.com/v1/audio-analysis/6nYD1UPZzBfnA9aL5TrWTc,241427,4,91,modern_rock rock,0
4223,24,Imagine Dragons,4eLSCSELtKxZwXnFbNLXT5,spotify:artist:53XhwfbYqKCa1cC15pYq2q,On Top Of The World,spotify:album:1vAEF8F0HoRFGiYOEeJXHW,189840,Night Visions,Mom's playlist,0.507,0.923,0,-5.581,1,0.173,0.0818,4.63e-06,0.0951,0.768,99.252,audio_features,4eLSCSELtKxZwXnFbNLXT5,spotify:track:4eLSCSELtKxZwXnFbNLXT5,https://api.spotify.com/v1/tracks/4eLSCSELtKxZwXnFbNLXT5,https://api.spotify.com/v1/audio-analysis/4eLSCSELtKxZwXnFbNLXT5,189840,4,91,modern_rock rock,1
4238,25,Imagine Dragons,1DirzC3jiBhwQ15rajeobq,spotify:artist:53XhwfbYqKCa1cC15pYq2q,Nothing Left To Say / Rocks - Medley,spotify:album:1vAEF8F0HoRFGiYOEeJXHW,536053,Night Visions,Mom's playlist,0.268,0.79,0,-7.25,1,0.0469,0.117,7.25e-05,0.59,0.051,108.019,audio_features,1DirzC3jiBhwQ15rajeobq,spotify:track:1DirzC3jiBhwQ15rajeobq,https://api.spotify.com/v1/tracks/1DirzC3jiBhwQ15rajeobq,https://api.spotify.com/v1/audio-analysis/1DirzC3jiBhwQ15rajeobq,536053,4,91,modern_rock rock,0
4240,26,Imagine Dragons,6YUFByainM0IB52DNObY5t,spotify:artist:53XhwfbYqKCa1cC15pYq2q,Tiptoe,spotify:album:1vAEF8F0HoRFGiYOEeJXHW,193000,Night Visions,Mom's playlist,0.528,0.821,6,-5.822,1,0.0322,0.00158,1.8e-05,0.0807,0.213,120.027,audio_features,6YUFByainM0IB52DNObY5t,spotify:track:6YUFByainM0IB52DNObY5t,https://api.spotify.com/v1/tracks/6YUFByainM0IB52DNObY5t,https://api.spotify.com/v1/audio-analysis/6YUFByainM0IB52DNObY5t,193000,4,91,modern_rock rock,0
4242,27,OneRepublic,5edBgVtRD0fvWk140Sl21T,spotify:artist:5Pwc4xIPtQLFEnJriah9YJ,Counting Stars,spotify:album:1Cm6wsvnTlOXrfI9PkD8i4,257266,Native,Mom's playlist,0.662,0.71,1,-4.945,0,0.0364,0.0603,0.0,0.119,0.465,121.979,audio_features,5edBgVtRD0fvWk140Sl21T,spotify:track:5edBgVtRD0fvWk140Sl21T,https://api.spotify.com/v1/tracks/5edBgVtRD0fvWk140Sl21T,https://api.spotify.com/v1/audio-analysis/5edBgVtRD0fvWk140Sl21T,257267,4,84,dance_pop neo_mellow piano_rock pop pop_rock,0
4262,28,Andy Grammer,4MflGTO2ZTcSQ12bWcyRgI,spotify:artist:2oX42qP5ineK3hrhBECLmj,"Honey, I'm Good.",spotify:album:0XUNG1cssmwHh22loRqKdJ,199263,Magazines Or Novels,Mom's playlist,0.752,0.775,9,-7.289,1,0.0546,0.0324,0.0,0.351,0.595,122.014,audio_features,4MflGTO2ZTcSQ12bWcyRgI,spotify:track:4MflGTO2ZTcSQ12bWcyRgI,https://api.spotify.com/v1/tracks/4MflGTO2ZTcSQ12bWcyRgI,https://api.spotify.com/v1/audio-analysis/4MflGTO2ZTcSQ12bWcyRgI,199263,4,74,dance_pop modern_rock neo_mellow pop pop_rap pop_rock post-teen_pop,73
4269,29,Adele,1CkvWZme3pRgbzaxZnTl5X,spotify:artist:4dpARuHxo51G3z768sgnrY,Rolling in the Deep,spotify:album:1azUkThwd2HfUDdeNeT147,228293,21,Mom's playlist,0.729,0.756,8,-5.119,1,0.0294,0.131,0.0,0.0527,0.522,104.945,audio_features,1CkvWZme3pRgbzaxZnTl5X,spotify:track:1CkvWZme3pRgbzaxZnTl5X,https://api.spotify.com/v1/tracks/1CkvWZme3pRgbzaxZnTl5X,https://api.spotify.com/v1/audio-analysis/1CkvWZme3pRgbzaxZnTl5X,228293,4,96,british_soul pop pop_soul uk_pop,4
4280,30,Adele,76N7FdzCI9OsiUnzJVLY2m,spotify:artist:4dpARuHxo51G3z768sgnrY,Rumour Has It,spotify:album:1azUkThwd2HfUDdeNeT147,221426,21,Mom's playlist,0.618,0.753,7,-5.05,0,0.0451,0.637,0.0,0.0905,0.557,120.041,audio_features,76N7FdzCI9OsiUnzJVLY2m,spotify:track:76N7FdzCI9OsiUnzJVLY2m,https://api.spotify.com/v1/tracks/76N7FdzCI9OsiUnzJVLY2m,https://api.spotify.com/v1/audio-analysis/76N7FdzCI9OsiUnzJVLY2m,221427,4,96,british_soul pop pop_soul uk_pop,1
4282,31,Bastille,3gbBpTdY8lnQwqxNCcf795,spotify:artist:7EQ0qTo7fWT7DPxmxtSYEc,Pompeii,spotify:album:64fQ94AVziavTPdnkCS6Nj,214147,Bad Blood,Mom's playlist,0.679,0.715,9,-6.383,1,0.0407,0.0755,0.0,0.271,0.571,127.435,audio_features,3gbBpTdY8lnQwqxNCcf795,spotify:track:3gbBpTdY8lnQwqxNCcf795,https://api.spotify.com/v1/tracks/3gbBpTdY8lnQwqxNCcf795,https://api.spotify.com/v1/audio-analysis/3gbBpTdY8lnQwqxNCcf795,214148,4,78,metropopolis modern_rock pop pop_rock tropical_house,74
4305,33,Panic! At The Disco,3yZQk5PC52CCmT4ZaTIKvv,spotify:artist:20JZFwl6HVl6yg8a4H3ZqK,This Is Gospel,spotify:album:1hxraaWEf3wFnJxADf8Dge,187186,"Too Weird To Live, Too Rare To Die!",Mom's playlist,0.572,0.912,7,-4.875,1,0.0707,0.00155,1.2e-06,0.102,0.606,156.073,audio_features,3yZQk5PC52CCmT4ZaTIKvv,spotify:track:3yZQk5PC52CCmT4ZaTIKvv,https://api.spotify.com/v1/tracks/3yZQk5PC52CCmT4ZaTIKvv,https://api.spotify.com/v1/audio-analysis/3yZQk5PC52CCmT4ZaTIKvv,187187,4,81,modern_rock,70
4312,34,Ed Sheeran,53Pgsvu3qSYO2aXt5J2vcL,spotify:artist:6eUKZXaKkcviH0Ku9w2n3V,Lego House,spotify:album:0W5GGnapMz0VwemQvJDqa7,185093,+,Mom's playlist,0.592,0.637,11,-8.48,1,0.0992,0.562,0.0,0.13,0.565,159.701,audio_features,53Pgsvu3qSYO2aXt5J2vcL,spotify:track:53Pgsvu3qSYO2aXt5J2vcL,https://api.spotify.com/v1/tracks/53Pgsvu3qSYO2aXt5J2vcL,https://api.spotify.com/v1/audio-analysis/53Pgsvu3qSYO2aXt5J2vcL,185093,4,96,pop uk_pop,63
4322,35,Ed Sheeran,6u0oHknFYrnUd42A6rvFly,spotify:artist:6eUKZXaKkcviH0Ku9w2n3V,Sing,spotify:album:6NoBzYmh5gUusGPCfg0pct,235382,x,Mom's playlist,0.818,0.67,8,-4.451,0,0.0472,0.304,1.22e-06,0.0601,0.939,119.988,audio_features,6u0oHknFYrnUd42A6rvFly,spotify:track:6u0oHknFYrnUd42A6rvFly,https://api.spotify.com/v1/tracks/6u0oHknFYrnUd42A6rvFly,https://api.spotify.com/v1/audio-analysis/6u0oHknFYrnUd42A6rvFly,235382,4,96,pop uk_pop,47
4326,36,Bleachers,1BwhFXqoIsePt21WyWIttb,spotify:artist:2eam0iDomRHGBypaDQLwWI,I Wanna Get Better,spotify:album:0cnNCK2xpudXjB8pzsrYy9,204520,Strange Desire,Mom's playlist,0.446,0.915,9,-6.221,1,0.141,0.00281,3.87e-05,0.218,0.398,190.013,audio_features,1BwhFXqoIsePt21WyWIttb,spotify:track:1BwhFXqoIsePt21WyWIttb,https://api.spotify.com/v1/tracks/1BwhFXqoIsePt21WyWIttb,https://api.spotify.com/v1/audio-analysis/1BwhFXqoIsePt21WyWIttb,204520,4,66,double_drumming indie_pop indie_poptimism modern_alternative_rock modern_rock pop_rock,67
4330,37,Bleachers,5L95vS64rG1YMIFm1hLjyZ,spotify:artist:2eam0iDomRHGBypaDQLwWI,Rollercoaster,spotify:album:0cnNCK2xpudXjB8pzsrYy9,188866,Strange Desire,Mom's playlist,0.421,0.79,10,-6.227,1,0.0538,0.00205,0.000309,0.148,0.279,162.024,audio_features,5L95vS64rG1YMIFm1hLjyZ,spotify:track:5L95vS64rG1YMIFm1hLjyZ,https://api.spotify.com/v1/tracks/5L95vS64rG1YMIFm1hLjyZ,https://api.spotify.com/v1/audio-analysis/5L95vS64rG1YMIFm1hLjyZ,188867,4,66,double_drumming indie_pop indie_poptimism modern_alternative_rock modern_rock pop_rock,67
4332,39,Jason Gray,5eqz8gTDU13s7x2DZKiQA9,spotify:artist:4i2mkyKkRrc0OvPrWqb4BE,Remind Me Who I Am,spotify:album:3E7uWZAn35nbYiwAHuya2l,227266,A Way To See In The Dark,Mom's playlist,0.543,0.668,0,-7.396,1,0.0272,0.000724,7.96e-05,0.322,0.428,93.009,audio_features,5eqz8gTDU13s7x2DZKiQA9,spotify:track:5eqz8gTDU13s7x2DZKiQA9,https://api.spotify.com/v1/tracks/5eqz8gTDU13s7x2DZKiQA9,https://api.spotify.com/v1/audio-analysis/5eqz8gTDU13s7x2DZKiQA9,227267,4,50,anthem_worship ccm christian_alternative_rock christian_music christian_pop worship,1
4333,40,Mary Lambert,3V3iy4K6paycRmTyrjQVwi,spotify:artist:5Z2NUZiY3FA00HKu5WTMhA,Secrets,spotify:album:7mmdJJoGtwStzZImLRmRFS,223405,Heart On My Sleeve,Mom's playlist,0.789,0.555,0,-5.9,1,0.041,0.026,0.000135,0.215,0.713,93.229,audio_features,3V3iy4K6paycRmTyrjQVwi,spotify:track:3V3iy4K6paycRmTyrjQVwi,https://api.spotify.com/v1/tracks/3V3iy4K6paycRmTyrjQVwi,https://api.spotify.com/v1/audio-analysis/3V3iy4K6paycRmTyrjQVwi,223405,4,55,neo_mellow pop,49
4335,41,Sheppard,0qt5f5EL92o8Snzopsv0en,spotify:artist:6VxCmtR7S3yz4vnzsJqhSV,Geronimo,spotify:album:0ecUmBX4469DFW5iWkuHia,218227,Bombs Away,Mom's playlist,0.705,0.78,7,-6.267,1,0.0805,0.456,0.00152,0.115,0.457,142.028,audio_features,0qt5f5EL92o8Snzopsv0en,spotify:track:0qt5f5EL92o8Snzopsv0en,https://api.spotify.com/v1/tracks/0qt5f5EL92o8Snzopsv0en,https://api.spotify.com/v1/audio-analysis/0qt5f5EL92o8Snzopsv0en,218228,4,65,australian_indie australian_pop dance_pop folk-pop modern_rock pop pop_dance pop_rock tropical_house,71
4342,42,Fall Out Boy,3nSiB5WCF2pmRQrYSsteHv,spotify:artist:4UXqAaa6dQYAk18Lv7PEgX,Young Volcanoes,spotify:album:0EVJX4RlYKuApsAN5CaDa3,204506,Save Rock And Roll,Mom's playlist,0.599,0.853,11,-3.878,0,0.0365,0.00123,0.000504,0.37,0.676,94.997,audio_features,3nSiB5WCF2pmRQrYSsteHv,spotify:track:3nSiB5WCF2pmRQrYSsteHv,https://api.spotify.com/v1/tracks/3nSiB5WCF2pmRQrYSsteHv,https://api.spotify.com/v1/audio-analysis/3nSiB5WCF2pmRQrYSsteHv,204507,4,81,emo modern_rock rock,56
4348,43,Mumford & Sons,2DVUJ7LTIOEQqjfOZXs8iU,spotify:artist:3gd8FJtBJtkRxdfbTu19U2,Believe,spotify:album:6RDgz01L7K6gG7hPs3Vszi,221039,Wilder Mind,Mom's playlist,0.331,0.68,2,-5.964,1,0.0454,0.031,0.0177,0.215,0.357,114.909,audio_features,2DVUJ7LTIOEQqjfOZXs8iU,spotify:track:2DVUJ7LTIOEQqjfOZXs8iU,https://api.spotify.com/v1/tracks/2DVUJ7LTIOEQqjfOZXs8iU,https://api.spotify.com/v1/audio-analysis/2DVUJ7LTIOEQqjfOZXs8iU,221039,4,75,modern_folk_rock modern_rock pop_rock stomp_and_holler uk_americana,0
4358,44,Kesha,36ZozCXSEcvsudnUNxeVsx,spotify:artist:6LqNN22kT3074XbTVUrhzX,Die Young - Deconstructed Mix,spotify:album:5ZQB1ZQ2Yx9YT3nZlR2Pgu,201506,Warrior (Deluxe Version),Mom's playlist,0.583,0.369,11,-7.388,0,0.0369,0.534,3.9e-06,0.151,0.264,117.28,audio_features,36ZozCXSEcvsudnUNxeVsx,spotify:track:36ZozCXSEcvsudnUNxeVsx,https://api.spotify.com/v1/tracks/36ZozCXSEcvsudnUNxeVsx,https://api.spotify.com/v1/audio-analysis/36ZozCXSEcvsudnUNxeVsx,201507,4,79,dance_pop electropop pop post-teen_pop,31
4360,45,Nine Days,3mNecsYFb6LQg7822DPXCP,spotify:artist:306JHpIRGVaQd6OltnOzUO,Absolutely (Story of a Girl) - Radio Mix,spotify:album:4BcmNEt6VK0KBVsVY8yClD,189333,The Madding Crowd,Mom's playlist,0.481,0.94,7,-5.204,1,0.066,0.000891,0.0,0.0939,0.66,96.493,audio_features,3mNecsYFb6LQg7822DPXCP,spotify:track:3mNecsYFb6LQg7822DPXCP,https://api.spotify.com/v1/tracks/3mNecsYFb6LQg7822DPXCP,https://api.spotify.com/v1/audio-analysis/3mNecsYFb6LQg7822DPXCP,189333,4,53,neo_mellow pop_rock,69
4364,46,Owl City,4jKa7EZaP8UaEBp2ijfzk6,spotify:artist:07QEuhtrNmmZ0zEcqE9SF6,Galaxies,spotify:album:4DiBfnAx5c8fkACkmlqiIB,243200,All Things Bright And Beautiful,Mom's playlist,0.65,0.975,1,-4.85,1,0.0412,0.0258,1.44e-05,0.0797,0.906,119.989,audio_features,4jKa7EZaP8UaEBp2ijfzk6,spotify:track:4jKa7EZaP8UaEBp2ijfzk6,https://api.spotify.com/v1/tracks/4jKa7EZaP8UaEBp2ijfzk6,https://api.spotify.com/v1/audio-analysis/4jKa7EZaP8UaEBp2ijfzk6,243200,4,73,indietronica modern_rock pop pop_rock post-teen_pop,42
4366,47,Bruno Mars,4G2Hbfwvn3oH7LxxPXjjGn,spotify:artist:0du5cEVh5yTK9QJze8zA0C,Treasure,spotify:album:4xWulj18AGahlyuZPulaGe,178560,Unorthodox Jukebox,Mom's playlist,0.874,0.687,5,-5.253,0,0.0426,0.034,7.59e-05,0.324,0.92,116.054,audio_features,4G2Hbfwvn3oH7LxxPXjjGn,spotify:track:4G2Hbfwvn3oH7LxxPXjjGn,https://api.spotify.com/v1/tracks/4G2Hbfwvn3oH7LxxPXjjGn,https://api.spotify.com/v1/audio-analysis/4G2Hbfwvn3oH7LxxPXjjGn,178560,4,92,dance_pop pop,46
4381,48,The Downtown Fiction,3r6nCfvZCE5dPcBVVqEejK,spotify:artist:7MRDkEKtdsGcYn11A4qgUL,Super Bass,spotify:album:1Ya7tBWa4EYNCMoSZ4N1Na,217706,"Punk Goes Pop, Vol. 4",Mom's playlist,0.641,0.921,1,-4.265,0,0.0324,0.04,0.000826,0.234,0.452,118.084,audio_features,3r6nCfvZCE5dPcBVVqEejK,spotify:track:3r6nCfvZCE5dPcBVVqEejK,https://api.spotify.com/v1/tracks/3r6nCfvZCE5dPcBVVqEejK,https://api.spotify.com/v1/audio-analysis/3r6nCfvZCE5dPcBVVqEejK,217707,4,48,alternative_pop_rock neon_pop_punk pixie pop_emo pop_punk,0
4382,49,Fifth Harmony,7uoulrMQgFZFAIEpRPvewL,spotify:artist:1l8Fu6IkuTP0U5QetQJ5Xt,Sledgehammer,spotify:album:6IBUil5AQA6wPLCzpYrlMI,230906,Reflection,Mom's playlist,0.671,0.777,2,-4.322,1,0.046,0.0057,0.0011,0.0783,0.289,99.98,audio_features,7uoulrMQgFZFAIEpRPvewL,spotify:track:7uoulrMQgFZFAIEpRPvewL,https://api.spotify.com/v1/tracks/7uoulrMQgFZFAIEpRPvewL,https://api.spotify.com/v1/audio-analysis/7uoulrMQgFZFAIEpRPvewL,230907,4,73,dance_pop girl_group pop post-teen_pop talent_show,38
4387,50,Neon Trees,2iUmqdfGZcHIhS3b9E9EWq,spotify:artist:0RpddSzUHfncUWNJXKOsjy,Everybody Talks,spotify:album:0uRFz92JmjwDbZbB7hEBIr,177280,Picture Show,Mom's playlist,0.471,0.924,8,-3.906,1,0.0586,0.00301,0.0,0.313,0.725,154.961,audio_features,2iUmqdfGZcHIhS3b9E9EWq,spotify:track:2iUmqdfGZcHIhS3b9E9EWq,https://api.spotify.com/v1/tracks/2iUmqdfGZcHIhS3b9E9EWq,https://api.spotify.com/v1/audio-analysis/2iUmqdfGZcHIhS3b9E9EWq,177280,4,71,modern_alternative_rock modern_rock pop pop_rock rock,83
4388,51,Neon Trees,2iUmqdfGZcHIhS3b9E9EWq,spotify:artist:0RpddSzUHfncUWNJXKOsjy,Everybody Talks,spotify:album:0uRFz92JmjwDbZbB7hEBIr,177280,Picture Show,Mom's playlist,0.471,0.924,8,-3.906,1,0.0586,0.00301,0.0,0.313,0.725,154.961,audio_features,2iUmqdfGZcHIhS3b9E9EWq,spotify:track:2iUmqdfGZcHIhS3b9E9EWq,https://api.spotify.com/v1/tracks/2iUmqdfGZcHIhS3b9E9EWq,https://api.spotify.com/v1/audio-analysis/2iUmqdfGZcHIhS3b9E9EWq,177280,4,71,modern_alternative_rock modern_rock pop pop_rock rock,83
4399,52,Neon Trees,4DJLcyfnyEGlUejAEAX4az,spotify:artist:0RpddSzUHfncUWNJXKOsjy,1983,spotify:album:7xpjpdislqMXOCw5xsDt4g,222560,Habits,Mom's playlist,0.463,0.981,10,-3.922,1,0.18,7.37e-05,0.0,0.102,0.703,153.048,audio_features,4DJLcyfnyEGlUejAEAX4az,spotify:track:4DJLcyfnyEGlUejAEAX4az,https://api.spotify.com/v1/tracks/4DJLcyfnyEGlUejAEAX4az,https://api.spotify.com/v1/audio-analysis/4DJLcyfnyEGlUejAEAX4az,222560,4,71,modern_alternative_rock modern_rock pop pop_rock rock,54
4400,53,WALK THE MOON,3JxaZPq4UjkOaxnpyMUtAC,spotify:artist:6DIS6PRrLS3wbnZsf7vYic,Avalanche,spotify:album:3mNoFlD1wsoXfkljfFzExT,218720,TALKING IS HARD,Mom's playlist,0.594,0.858,9,-4.339,1,0.0387,0.00059,3.11e-06,0.0642,0.663,138.021,audio_features,3JxaZPq4UjkOaxnpyMUtAC,spotify:track:3JxaZPq4UjkOaxnpyMUtAC,https://api.spotify.com/v1/tracks/3JxaZPq4UjkOaxnpyMUtAC,https://api.spotify.com/v1/audio-analysis/3JxaZPq4UjkOaxnpyMUtAC,218720,4,72,dance_pop dance_rock indie_poptimism modern_alternative_rock modern_rock pop_rock rock,53
4401,54,WALK THE MOON,76EeScTnI2sCjDY0SfEoSb,spotify:artist:6DIS6PRrLS3wbnZsf7vYic,Work This Body,spotify:album:3mNoFlD1wsoXfkljfFzExT,175906,TALKING IS HARD,Mom's playlist,0.421,0.831,4,-5.128,1,0.106,0.0283,0.0,0.464,0.488,134.184,audio_features,76EeScTnI2sCjDY0SfEoSb,spotify:track:76EeScTnI2sCjDY0SfEoSb,https://api.spotify.com/v1/tracks/76EeScTnI2sCjDY0SfEoSb,https://api.spotify.com/v1/audio-analysis/76EeScTnI2sCjDY0SfEoSb,175907,4,72,dance_pop dance_rock indie_poptimism modern_alternative_rock modern_rock pop_rock rock,61
4402,55,WALK THE MOON,3e0yTP5trHBBVvV32jwXqF,spotify:artist:6DIS6PRrLS3wbnZsf7vYic,Anna Sun,spotify:album:1QhonXpNQq8wrGEKX0ofbk,321280,Walk The Moon,Mom's playlist,0.472,0.844,10,-6.578,1,0.054,0.00173,0.0,0.24,0.34,140.034,audio_features,3e0yTP5trHBBVvV32jwXqF,spotify:track:3e0yTP5trHBBVvV32jwXqF,https://api.spotify.com/v1/tracks/3e0yTP5trHBBVvV32jwXqF,https://api.spotify.com/v1/audio-analysis/3e0yTP5trHBBVvV32jwXqF,321280,4,72,dance_pop dance_rock indie_poptimism modern_alternative_rock modern_rock pop_rock rock,66
4406,56,Two Door Cinema Club,1aGvLFHJ2shKqO9uycaUcW,spotify:artist:536BYVgOnRky0xjsPT96zl,Something Good Can Work,spotify:album:0gyRFAfY08NFv7N8RTFg9M,164186,Tourist History,Mom's playlist,0.65,0.833,0,-5.079,1,0.0355,0.00559,0.000727,0.186,0.68,119.939,audio_features,1aGvLFHJ2shKqO9uycaUcW,spotify:track:1aGvLFHJ2shKqO9uycaUcW,https://api.spotify.com/v1/tracks/1aGvLFHJ2shKqO9uycaUcW,https://api.spotify.com/v1/audio-analysis/1aGvLFHJ2shKqO9uycaUcW,164187,4,71,alternative_dance indie_rock indietronica irish_rock modern_alternative_rock modern_rock northern_irish_indie rock,0
4408,57,Bad Suns,6zQyu8L8yUuJkl6LbQ6iKU,spotify:artist:0YhUSm86okLWldQVwJkLlP,Cardiac Arrest,spotify:album:54bO9jrn1NExmpg6Afsc2A,182518,Language & Perspective,Mom's playlist,0.616,0.88,1,-3.59,1,0.042,0.0521,0.000717,0.0539,0.751,94.011,audio_features,6zQyu8L8yUuJkl6LbQ6iKU,spotify:track:6zQyu8L8yUuJkl6LbQ6iKU,https://api.spotify.com/v1/tracks/6zQyu8L8yUuJkl6LbQ6iKU,https://api.spotify.com/v1/audio-analysis/6zQyu8L8yUuJkl6LbQ6iKU,182518,4,63,indie_pop indie_poptimism la_indie modern_alternative_rock modern_rock pop_rock rock,64
4412,58,The Killers,5mhUPDWQH3s544WCsa0r9w,spotify:artist:0C0XlULifJtAgn6ZNCW2eu,Human,spotify:album:39JESZeZjLUrjwQtCrRs6d,245360,Day & Age,Mom's playlist,0.547,0.837,10,-7.085,1,0.0676,0.00112,0.000624,0.0937,0.568,135.47,audio_features,5mhUPDWQH3s544WCsa0r9w,spotify:track:5mhUPDWQH3s544WCsa0r9w,https://api.spotify.com/v1/tracks/5mhUPDWQH3s544WCsa0r9w,https://api.spotify.com/v1/audio-analysis/5mhUPDWQH3s544WCsa0r9w,245360,4,80,alternative_rock dance_rock modern_rock permanent_wave rock,0
4415,60,Audien,33lXq3csEWwYNn6x0sM3Et,spotify:artist:4xnMDfgEmXZEEDdITKcGuE,Something Better,spotify:album:5YAyfZ8ahc69f6bBjkdHkx,212619,Daydreams,Mom's playlist,0.549,0.835,2,-2.632,1,0.0656,0.0692,0.0,0.212,0.423,126.08,audio_features,33lXq3csEWwYNn6x0sM3Et,spotify:track:33lXq3csEWwYNn6x0sM3Et,https://api.spotify.com/v1/tracks/33lXq3csEWwYNn6x0sM3Et,https://api.spotify.com/v1/audio-analysis/33lXq3csEWwYNn6x0sM3Et,212619,4,60,edm electro_house electropop indie_poptimism pop_dance pop_edm progressive_electro_house progressive_house tropical_house,51
4418,61,The Darkness,756CJtQRFSxEx9jV4P9hpA,spotify:artist:5r1bdqzhgRoHC3YcCV6N5a,I Believe In A Thing Called Love,spotify:album:6vW9ZDllNv87WHXS3XTjlM,217653,Permission To Land,Mom's playlist,0.442,0.846,4,-5.214,1,0.0764,0.0538,4.71e-06,0.282,0.622,128.235,audio_features,756CJtQRFSxEx9jV4P9hpA,spotify:track:756CJtQRFSxEx9jV4P9hpA,https://api.spotify.com/v1/tracks/756CJtQRFSxEx9jV4P9hpA,https://api.spotify.com/v1/audio-analysis/756CJtQRFSxEx9jV4P9hpA,217653,4,63,glam_metal hard_rock rock,71
4423,62,The Hooters,5xkNd7kCRmjT2DxSAYVVyC,spotify:artist:7uhvDINTTiD0XBrP9fquN1,And We Danced,spotify:album:5Sh5gjCOggbEb2kMIFKHHo,227760,Super Hits,Mom's playlist,0.561,0.945,9,-6.086,1,0.0444,0.0869,0.0,0.22,0.723,145.781,audio_features,5xkNd7kCRmjT2DxSAYVVyC,spotify:track:5xkNd7kCRmjT2DxSAYVVyC,https://api.spotify.com/v1/tracks/5xkNd7kCRmjT2DxSAYVVyC,https://api.spotify.com/v1/audio-analysis/5xkNd7kCRmjT2DxSAYVVyC,227760,4,55,album_rock mellow_gold new_wave_pop philly_indie soft_rock,60
4424,63,The Beatles,4Z1fbYp0HuxLBje4MOZcSD,spotify:artist:3WrFJ7ztbogyGnTHbHJFl2,Twist And Shout - Remastered 2009,spotify:album:7gDXyW16byCQOgK965BRzn,155226,Please Please Me,Mom's playlist,0.482,0.849,2,-9.198,1,0.0452,0.641,7.74e-06,0.0414,0.937,124.631,audio_features,4Z1fbYp0HuxLBje4MOZcSD,spotify:track:4Z1fbYp0HuxLBje4MOZcSD,https://api.spotify.com/v1/tracks/4Z1fbYp0HuxLBje4MOZcSD,https://api.spotify.com/v1/audio-analysis/4Z1fbYp0HuxLBje4MOZcSD,155227,4,89,beatlesque british_invasion classic_rock merseybeat psychedelic_rock rock,0
4433,64,Atlas Genius,0KS9V6ihDVgbotoOov3QZH,spotify:artist:42vg2T0Xg9yPaAgogJzoQH,Molecules,spotify:album:3jQxdLlKciB0WQncSVhM39,272600,Inanimate Objects,Mom's playlist,0.557,0.827,1,-4.885,0,0.0387,0.000431,5.13e-05,0.151,0.419,117.019,audio_features,0KS9V6ihDVgbotoOov3QZH,spotify:track:0KS9V6ihDVgbotoOov3QZH,https://api.spotify.com/v1/tracks/0KS9V6ihDVgbotoOov3QZH,https://api.spotify.com/v1/audio-analysis/0KS9V6ihDVgbotoOov3QZH,272600,4,53,indie_poptimism indietronica modern_alternative_rock modern_rock pop_rock shimmer_pop,40
4434,65,Martin Solveig,1SSmCRKVovLanPi3mx3pVe,spotify:artist:1bj5GrcLom5gZFF5t949Xl,Hello - Single Edit,spotify:album:3GJolrUhkEEQXU27JiShd6,282480,Hello,Mom's playlist,0.671,0.933,3,-4.323,1,0.0318,0.0266,0.0219,0.0429,0.517,127.99,audio_features,1SSmCRKVovLanPi3mx3pVe,spotify:track:1SSmCRKVovLanPi3mx3pVe,https://api.spotify.com/v1/tracks/1SSmCRKVovLanPi3mx3pVe,https://api.spotify.com/v1/audio-analysis/1SSmCRKVovLanPi3mx3pVe,282480,4,68,dance_pop disco_house edm electro_house filter_house house pop_dance tropical_house vocal_house,0
4437,66,DNCE,2aFiaMXmWsM3Vj72F9ksBl,spotify:artist:6T5tfhQCknKG4UnH90qGnz,Cake By The Ocean,spotify:album:7K89F9bgY1jks0uIlMerm3,219146,DNCE,Mom's playlist,0.774,0.764,4,-5.445,0,0.0518,0.156,0.0,0.0383,0.912,118.997,audio_features,2aFiaMXmWsM3Vj72F9ksBl,spotify:track:2aFiaMXmWsM3Vj72F9ksBl,https://api.spotify.com/v1/tracks/2aFiaMXmWsM3Vj72F9ksBl,https://api.spotify.com/v1/audio-analysis/2aFiaMXmWsM3Vj72F9ksBl,219147,4,70,dance_pop pop post-teen_pop,0
4451,67,Bear Hands,5ciqyuB1G3ulnQsNGmoOE8,spotify:artist:3ViZST9PgFoieuOHY2GZMp,Giants,spotify:album:7w0fQstVKJlrtz7PWWTR1V,188266,Distraction,Mom's playlist,0.467,0.856,0,-5.485,1,0.111,0.00638,0.0129,0.0782,0.41,184.049,audio_features,5ciqyuB1G3ulnQsNGmoOE8,spotify:track:5ciqyuB1G3ulnQsNGmoOE8,https://api.spotify.com/v1/tracks/5ciqyuB1G3ulnQsNGmoOE8,https://api.spotify.com/v1/audio-analysis/5ciqyuB1G3ulnQsNGmoOE8,188267,4,44,brooklyn_indie modern_alternative_rock modern_rock shimmer_pop,39
4456,68,Hillsong United,71H2uM35Ax7Cq5nj9lnGq1,spotify:artist:74cb3MG0x0BOnYNW1uXYnM,Relentless - Young & Free Remix,spotify:album:2nKLgpaNIvgrmxT1GCLMb1,245280,The White Album (Remix Project),Mom's playlist,0.497,0.709,11,-7.486,0,0.034,0.003,0.0351,0.0951,0.318,130.013,audio_features,71H2uM35Ax7Cq5nj9lnGq1,spotify:track:71H2uM35Ax7Cq5nj9lnGq1,https://api.spotify.com/v1/tracks/71H2uM35Ax7Cq5nj9lnGq1,https://api.spotify.com/v1/audio-analysis/71H2uM35Ax7Cq5nj9lnGq1,245280,4,73,ccm christian_alternative_rock christian_music world_worship worship,41
4457,69,The Royal Concept,1ff4y46qRCsLXROVpOxxTc,spotify:artist:7LAucJAvbQa7ZIA0qP8YI2,On Our Way,spotify:album:30p1meHBKVwMY9lsOabmwd,194186,Goldrushed,Mom's playlist,0.6,0.828,1,-5.485,1,0.121,0.00448,0.0,0.168,0.356,130.913,audio_features,1ff4y46qRCsLXROVpOxxTc,spotify:track:1ff4y46qRCsLXROVpOxxTc,https://api.spotify.com/v1/tracks/1ff4y46qRCsLXROVpOxxTc,https://api.spotify.com/v1/audio-analysis/1ff4y46qRCsLXROVpOxxTc,194187,4,48,indie_poptimism shimmer_pop swedish_alternative_rock swedish_indie_pop,36
4460,70,Beach Avenue,5qOvJSBgSGUFEYKjrcxIH4,spotify:artist:1PIHeZihgTnnid2lh7DbGS,Coming Your Way,spotify:album:0iz9MXK46v7KjReQRfjSzK,183903,Coming Your Way,Mom's playlist,0.658,0.621,2,-6.401,1,0.0244,0.087,0.0,0.56,0.418,108.006,audio_features,5qOvJSBgSGUFEYKjrcxIH4,spotify:track:5qOvJSBgSGUFEYKjrcxIH4,https://api.spotify.com/v1/tracks/5qOvJSBgSGUFEYKjrcxIH4,https://api.spotify.com/v1/audio-analysis/5qOvJSBgSGUFEYKjrcxIH4,183904,3,22,unknown,37
4461,71,Built By Titan,581gLYhF5OxQzgfIMGlAvu,spotify:artist:0LmXoyW6K4zJ48lCRq7w3h,Collide (feat. Jonathan Thulin),spotify:album:7fGu9C0cdUuHajJbVzbaTI,235775,Alpha,Mom's playlist,0.549,0.924,0,-2.896,0,0.0671,0.0121,0.000397,0.138,0.266,122.953,audio_features,581gLYhF5OxQzgfIMGlAvu,spotify:track:581gLYhF5OxQzgfIMGlAvu,https://api.spotify.com/v1/tracks/581gLYhF5OxQzgfIMGlAvu,https://api.spotify.com/v1/audio-analysis/581gLYhF5OxQzgfIMGlAvu,235776,4,45,cedm christian_pop,42
4462,72,Astoria Kings,7zPzpfKVpNPlk1qKhie2JZ,spotify:artist:0f4xt3e1qtGldco8On65Ac,Come Alive,spotify:album:5nRkY6Xb1fkp45csQTzDNx,226213,Come Alive,Mom's playlist,0.541,0.95,1,-3.249,1,0.0941,0.0855,0.0,0.0601,0.77,153.922,audio_features,7zPzpfKVpNPlk1qKhie2JZ,spotify:track:7zPzpfKVpNPlk1qKhie2JZ,https://api.spotify.com/v1/tracks/7zPzpfKVpNPlk1qKhie2JZ,https://api.spotify.com/v1/audio-analysis/7zPzpfKVpNPlk1qKhie2JZ,226213,4,7,unknown,0
4463,73,Anthem Lights,1dKDRs99KkNbtC9AHM7TLm,spotify:artist:7kwEvDE8e7EBGKh5bLczqQ,Best of 2012: Payphone / Call Me Maybe / Wide Awake / Starships / We Are Young,spotify:album:4iyn5H88RVqMJcbuCygfkw,209134,Best of the Year Medleys: 2007 - 2012,Mom's playlist,0.375,0.418,11,-5.999,1,0.036,0.688,0.0,0.371,0.287,136.319,audio_features,1dKDRs99KkNbtC9AHM7TLm,spotify:track:1dKDRs99KkNbtC9AHM7TLm,https://api.spotify.com/v1/tracks/1dKDRs99KkNbtC9AHM7TLm,https://api.spotify.com/v1/audio-analysis/1dKDRs99KkNbtC9AHM7TLm,209134,5,63,ccm christian_alternative_rock christian_music viral_pop worship,57
4465,74,Yellowcard,3yGDoiAluqaZd5rSkD1EF0,spotify:artist:3zxKH0qp3nBCuPZCZT5Vaf,Always Summer,spotify:album:3JsD7cWTptlNdbPYdk19hu,189585,Southern Air,Mom's playlist,0.434,0.986,1,-2.138,0,0.0927,4.49e-05,6.75e-06,0.235,0.529,170.021,audio_features,3yGDoiAluqaZd5rSkD1EF0,spotify:track:3yGDoiAluqaZd5rSkD1EF0,https://api.spotify.com/v1/tracks/3yGDoiAluqaZd5rSkD1EF0,https://api.spotify.com/v1/audio-analysis/3yGDoiAluqaZd5rSkD1EF0,189585,4,65,bow_pop pop_punk rock socal_pop_punk,0
4466,75,Adam Martin,0TQDrX7JWalZLt2X6E7ZVj,spotify:artist:75DrjMHpgRuShsgkLmiiDw,This World Is Yours,spotify:album:3AUdk3I3P7VOPbEKSdkyW6,220606,This World Is Yours,Mom's playlist,0.521,0.913,4,-2.235,1,0.057,0.118,0.000233,0.161,0.581,127.96,audio_features,0TQDrX7JWalZLt2X6E7ZVj,spotify:track:0TQDrX7JWalZLt2X6E7ZVj,https://api.spotify.com/v1/tracks/0TQDrX7JWalZLt2X6E7ZVj,https://api.spotify.com/v1/audio-analysis/0TQDrX7JWalZLt2X6E7ZVj,220606,4,19,deep_talent_show,0
4467,76,The All-American Rejects,6ihL9TjfRjadfEePzXXyVF,spotify:artist:3vAaWhdBR38Q02ohXqaNHT,Gives You Hell,spotify:album:3BCMpDOcQlbCZpf5vnTadZ,213106,When The World Comes Down,Mom's playlist,0.718,0.691,4,-6.44,1,0.0387,0.0159,0.0,0.0627,0.552,100.008,audio_features,6ihL9TjfRjadfEePzXXyVF,spotify:track:6ihL9TjfRjadfEePzXXyVF,https://api.spotify.com/v1/tracks/6ihL9TjfRjadfEePzXXyVF,https://api.spotify.com/v1/audio-analysis/6ihL9TjfRjadfEePzXXyVF,213107,4,70,modern_rock neo_mellow pop_punk pop_rock rock,74
4475,77,Matt Nathanson,5DhoBZDBZCSKCGLVnDWBST,spotify:artist:4NGiEU3Pkd8ASRyQR30jcA,Kinks Shirt,spotify:album:0b2PIu9mQZtfxMXrYo6ZTw,179973,Last Of The Great Pretenders,Mom's playlist,0.705,0.795,1,-3.868,0,0.0784,0.211,0.0,0.168,0.85,81.994,audio_features,5DhoBZDBZCSKCGLVnDWBST,spotify:track:5DhoBZDBZCSKCGLVnDWBST,https://api.spotify.com/v1/tracks/5DhoBZDBZCSKCGLVnDWBST,https://api.spotify.com/v1/audio-analysis/5DhoBZDBZCSKCGLVnDWBST,179973,4,60,acoustic_pop indiecoustica neo_mellow pop_rock,36
4476,78,Los Claxons,7J8gFJ6Y4Ka5Yt7LjZP0Ra,spotify:artist:4AgfaZvOiSS97uy5ekQ7bf,Un Día de Sol,spotify:album:4SkNTRn1fYZaEhQtD0P8ng,222866,Un Día de Sol,Mom's playlist,0.639,0.924,9,-4.934,0,0.0373,0.0597,0.0,0.404,0.874,105.022,audio_features,7J8gFJ6Y4Ka5Yt7LjZP0Ra,spotify:track:7J8gFJ6Y4Ka5Yt7LjZP0Ra,https://api.spotify.com/v1/tracks/7J8gFJ6Y4Ka5Yt7LjZP0Ra,https://api.spotify.com/v1/audio-analysis/7J8gFJ6Y4Ka5Yt7LjZP0Ra,222867,4,62,latin latin_alternative latin_pop mexican_pop,47
